user_hash,0071.jpg,0351.jpg,0546.jpg,0001.jpg,0308.jpg,0048.jpg,0705.jpg,0057.jpg,0006.jpg,0176.jpg,0163.jpg,0459.jpg,0332.jpg,0146.jpg,0023.jpg,0142.jpg,0448.jpg,0249.jpg,0487.jpg,0300.jpg,0734.jpg,0066.jpg,0492.jpg,0353.jpg,0061.jpg,0324.jpg,0178.jpg,0298.jpg,0083.jpg,0552.jpg,0082.jpg,0132.jpg,0032.jpg,0393.jpg,0352.jpg,0484.jpg,0186.jpg,0091.jpg,0117.jpg,0699.jpg,0483.jpg,0608.jpg,0836.jpg,0828.jpg,0386.jpg,0582.jpg,0043.jpg,0506.jpg,0641.jpg,0306.jpg,0686.jpg,0408.jpg,0330.jpg,0454.jpg,0250.jpg,0586.jpg,0029.jpg,0648.jpg,0079.jpg,0604.jpg,0528.jpg,0398.jpg,0482.jpg,0550.jpg,0056.jpg,0692.jpg,0364.jpg,0336.jpg,0172.jpg,0682.jpg,0668.jpg,0515.jpg,0737.jpg,0165.jpg,0502.jpg,0085.jpg,0437.jpg,0016.jpg,0655.jpg,0634.jpg
3mHQgTNdhoXXOWEsJmHvbBuOxSb2,1.0,0.0,1.0,1.0,1.0,0.0,0.0,1.0,1.0,1.0,1.0,1.0,1.0,1.0,1.0,1.0,1.0,3.0,4.0,5.0,1.0,1.0,3.0,2.0,1.0,4.0,3.0,4.0,1.0,1.0,1.0,1.0,1.0,3.0,1.0,1.0,1.0,1.0,1.0,4.0,0.0,0.0,0.0,0.0,0.0,0.0,0.0,0.0,0.0,0.0,0.0,0.0,0.0,0.0,0.0,0.0,0.0,0.0,0.0,0.0,0.0,0.0,0.0,0.0,0.0,0.0,0.0,0.0,0.0,0.0,0.0,0.0,0.0,0.0,0.0,0.0,0.0,0.0,0.0,0.0
4jQ4QWrm9SOsFMLIAajSZ5Usva82,0.0,1.0,0.0,0.0,0.0,0.0,0.0,1.0,1.0,0.0,0.0,1.0,0.0,0.0,0.0,0.0,1.0,3.0,5.0,3.0,1.0,0.0,0.0,0.0,2.0,5.0,0.0,3.0,5.0,1.0,1.0,0.0,0.0,5.0,1.0,0.0,0.0,0.0,1.0,2.0,4.0,1.0,1.0,1.0,1.0,1.0,1.0,1.0,1.0,1.0,1.0,1.0,0.0,0.0,0.0,0.0,0.0,0.0,0.0,0.0,0.0,0.0,0.0,0.0,0.0,0.0,0.0,0.0,0.0,0.0,0.0,0.0,0.0,0.0,0.0,0.0,0.0,0.0,0.0,0.0
5HBSsBrc7LSwIQyRgTqY7Zf641f2,1.0,1.0,1.0,1.0,1.0,0.0,0.0,1.0,1.0,1.0,1.0,1.0,1.0,1.0,1.0,1.0,0.0,4.0,5.0,5.0,1.0,1.0,4.0,2.0,3.0,4.0,3.0,2.0,4.0,1.0,1.0,1.0,0.0,4.0,2.0,0.0,1.0,1.0,0.0,4.0,0.0,0.0,0.0,1.0,0.0,0.0,0.0,0.0,1.0,1.0,1.0,0.0,1.0,2.0,1.0,1.0,1.0,1.0,1.0,1.0,1.0,1.0,0.0,0.0,0.0,0.0,0.0,0.0,0.0,0.0,0.0,0.0,0.0,0.0,0.0,0.0,0.0,0.0,0.0,0.0
9IRzXasJsgMDJgRKZg53Hhc9Uti1,1.0,0.0,1.0,1.0,1.0,0.0,0.0,1.0,1.0,1.0,1.0,1.0,1.0,1.0,1.0,1.0,0.0,4.0,5.0,5.0,1.0,1.0,0.0,4.0,1.0,4.0,3.0,2.0,4.0,1.0,1.0,0.0,0.0,5.0,4.0,0.0,1.0,1.0,1.0,3.0,3.0,1.0,1.0,1.0,0.0,0.0,0.0,1.0,1.0,1.0,0.0,0.0,1.0,0.0,0.0,1.0,0.0,1.0,1.0,1.0,1.0,0.0,0.0,1.0,1.0,0.0,0.0,0.0,0.0,0.0,0.0,0.0,0.0,0.0,0.0,0.0,0.0,0.0,0.0,0.0
NYUd8KmmZfaJSr1oYTBt0y5Gsbl2,1.0,0.0,0.0,1.0,1.0,0.0,0.0,1.0,0.0,0.0,1.0,0.0,1.0,1.0,1.0,1.0,0.0,4.0,3.0,3.0,1.0,1.0,0.0,4.0,0.0,2.0,5.0,3.0,5.0,1.0,1.0,0.0,0.0,3.0,3.0,0.0,1.0,1.0,1.0,3.0,0.0,0.0,0.0,0.0,0.0,0.0,0.0,0.0,0.0,0.0,0.0,0.0,0.0,0.0,0.0,0.0,0.0,0.0,0.0,1.0,0.0,0.0,1.0,0.0,0.0,0.0,0.0,0.0,0.0,0.0,0.0,0.0,0.0,0.0,0.0,0.0,0.0,0.0,0.0,0.0
VaT8h1PGCAWfWfzcG5fZW2xucmf2,1.0,0.0,1.0,1.0,1.0,0.0,0.0,1.0,0.0,1.0,1.0,0.0,1.0,1.0,1.0,1.0,0.0,5.0,5.0,5.0,0.0,1.0,0.0,5.0,3.0,4.0,4.0,3.0,5.0,1.0,1.0,0.0,0.0,4.0,3.0,0.0,1.0,1.0,1.0,3.0,0.0,0.0,0.0,1.0,0.0,0.0,0.0,0.0,0.0,1.0,0.0,0.0,1.0,1.0,0.0,0.0,0.0,2.0,0.0,1.0,0.0,1.0,0.0,0.0,0.0,0.0,0.0,0.0,0.0,0.0,0.0,1.0,0.0,0.0,0.0,1.0,0.0,1.0,0.0,0.0
VcePEOBnxcMeFUjuqM2K2OIsABB3,1.0,0.0,1.0,1.0,0.0,0.0,1.0,1.0,1.0,0.0,0.0,1.0,1.0,1.0,1.0,1.0,0.0,3.0,5.0,5.0,1.0,1.0,5.0,5.0,4.0,4.0,3.0,2.0,5.0,1.0,1.0,1.0,0.0,5.0,2.0,1.0,1.0,1.0,1.0,5.0,3.0,0.0,0.0,1.0,1.0,1.0,0.0,1.0,1.0,0.0,0.0,1.0,1.0,1.0,0.0,0.0,0.0,5.0,1.0,0.0,0.0,1.0,1.0,1.0,1.0,0.0,0.0,0.0,0.0,0.0,0.0,0.0,0.0,0.0,0.0,0.0,0.0,0.0,1.0,0.0
X7gEBonEbOPNxi6oFKeLrohKUfm2,0.0,0.0,0.0,1.0,0.0,4.0,0.0,0.0,0.0,0.0,1.0,0.0,0.0,0.0,0.0,0.0,0.0,0.0,0.0,0.0,0.0,0.0,0.0,0.0,0.0,0.0,0.0,0.0,0.0,0.0,1.0,0.0,0.0,0.0,0.0,0.0,0.0,0.0,0.0,0.0,0.0,0.0,0.0,0.0,0.0,0.0,0.0,0.0,0.0,0.0,0.0,0.0,1.0,0.0,0.0,0.0,0.0,0.0,0.0,0.0,0.0,0.0,0.0,0.0,1.0,5.0,5.0,1.0,2.0,5.0,1.0,0.0,1.0,1.0,0.0,0.0,1.0,0.0,0.0,1.0
svgyp5e21pbsS0930QgkvdK923a2,1.0,1.0,1.0,1.0,0.0,0.0,0.0,1.0,0.0,0.0,1.0,0.0,1.0,1.0,1.0,1.0,0.0,0.0,2.0,3.0,1.0,1.0,0.0,0.0,0.0,4.0,4.0,3.0,4.0,1.0,1.0,1.0,0.0,3.0,0.0,0.0,1.0,1.0,0.0,4.0,0.0,0.0,0.0,0.0,1.0,0.0,0.0,0.0,0.0,0.0,0.0,0.0,0.0,0.0,0.0,0.0,1.0,0.0,0.0,0.0,0.0,0.0,0.0,0.0,0.0,0.0,0.0,0.0,0.0,0.0,0.0,0.0,0.0,0.0,0.0,0.0,0.0,0.0,0.0,0.0
umfcis3qbCWhlqndqYRkIXP4oWo1,1.0,0.0,1.0,1.0,1.0,0.0,1.0,1.0,1.0,0.0,1.0,1.0,1.0,1.0,1.0,1.0,1.0,4.0,5.0,5.0,1.0,1.0,1.0,3.0,1.0,5.0,1.0,4.0,5.0,1.0,1.0,1.0,1.0,5.0,2.0,0.0,1.0,1.0,0.0,5.0,2.0,0.0,0.0,1.0,1.0,0.0,0.0,0.0,0.0,0.0,0.0,0.0,1.0,0.0,0.0,0.0,1.0,1.0,1.0,0.0,0.0,0.0,0.0,0.0,0.0,0.0,0.0,0.0,0.0,0.0,0.0,0.0,0.0,0.0,1.0,1.0,0.0,0.0,0.0,0.0
